model,threshold,f2,f1,precision,recall,accuracy,roc_auc,pr_auc,tp,fp,tn,fn
Weighted Voting,0.2,0.9429711250766033,0.906203989722567,0.8509081051775549,0.9691861183154254,0.8995858573371245,0.9764465495759963,0.9766893497415771,15695,2750,13412,499
Stacking,0.09999999999999999,0.9425900882032624,0.9007576840600429,0.8387199829615036,0.9727059404717797,0.8927246878476944,0.9766812441224156,0.976854893281005,15752,3029,13133,442
Uniform Average,0.23,0.9324461419108432,0.8877084339402892,0.8219790625493187,0.9648635297023589,0.8778279144517246,0.9664141887337845,0.9665265885739216,15625,3384,12778,569
