model,weight
XGBoost,0.9055497630399973
Multinomial Naive Bayes,0.0797758716425545
Logistic Regression,0.007448832212755372
Linear SVM,0.006384975122480086
Random Forest,0.0008405579822126227
