model,slang_normalisation,threshold,f2,f1,precision,recall,accuracy,roc_auc,pr_auc,tp,fp,tn,fn,train_time_s,cv_f2,best_params
XGBoost,True,0.17,0.9425686562354542,0.8973157221985514,0.8308347798642891,0.9753612449055206,0.8882741995302262,0.9765792639814578,0.9769371515739461,15795,3216,12946,399,14675.0,0.9148,"{'subsample': 0.7, 'n_estimators': 300, 'max_depth': 7, 'learning_rate': 0.1, 'colsample_bytree': 0.8}"
Linear SVM,True,0.19,0.9279646941584018,0.8761691402968356,0.8015986882557902,0.966036803754477,0.8633329212510817,0.9610188887043203,0.9587851921884025,15644,3872,12290,550,987.5,0.8923,{'estimator__C': 1.0}
Random Forest,True,0.3,0.9269856345720052,0.8761220825852782,0.8027140947877043,0.9643077683092504,0.8635183582643096,0.9604235193110904,0.9605753161499346,15616,3838,12324,578,2019.3,0.8923,"{'n_estimators': 200, 'min_samples_split': 10, 'max_features': 'sqrt', 'max_depth': None}"
Logistic Regression,True,0.25,0.9090694990697346,0.8497523390203633,0.7664052417353321,0.953439545510683,0.8312523179626653,0.9415825153793206,0.9407965224432646,15440,4706,11456,754,828.6,0.8621,{'C': 10.0}
Multinomial Naive Bayes,True,0.01,0.9034803117554803,0.8638145657461725,0.8049170710895419,0.9320118562430529,0.8529175423414513,0.9279847085801034,0.913392967856536,15093,3658,12504,1101,3.3,0.8401,{'alpha': 0.001}
