threshold,f2,f1,precision,recall,accuracy,roc_auc,pr_auc,tp,fp,tn,fn,model,f2_boot_mean,f2_ci_low,f2_ci_high
0.2,0.9428018673508012,0.9060485419234888,0.8507723253254393,0.9690066568686782,0.8994223654890422,0.9766718043994255,0.9767745679015628,22417,3932,19157,717,Weighted Voting,0.9428,0.9408,0.9449
0.0999999999999999,0.9427537506596637,0.9007743562038538,0.8385426368140669,0.9729834875075646,0.8927157475715553,0.976859236208386,0.9768684460453481,22509,4334,18755,625,Stacking,0.9428,0.9408,0.9448
0.17,0.942305121005482,0.8973777406390514,0.8313181952226482,0.9748422235670442,0.8884105315535555,0.9768468658774894,0.9770695248959501,22552,4576,18513,582,XGBoost,0.9423,0.9404,0.9442
0.19,0.9268406066593062,0.8746401363075537,0.7995846313603323,0.9652459583297311,0.8615191571295675,0.9619132985140331,0.9598264275245832,22330,5597,17492,804,Linear SVM,0.9269,0.9248,0.9292
0.3,0.9265157121830746,0.8763740045226625,0.8038671043613145,0.9632575430102879,0.863985461783095,0.9609187426316028,0.9604842629986938,22284,5437,17652,850,Random Forest,0.9266,0.9244,0.929
0.25,0.9068330156529776,0.8488289018903629,0.7670563601465713,0.9501167113339674,0.8306254462064341,0.9414463347075561,0.9402882145312037,21980,6675,16414,1154,Logistic Regression,0.907,0.9043,0.9096
0.01,0.9019780403989607,0.8625070129037429,0.8038768954956301,0.9303622373994985,0.851545767258724,0.9272875769118654,0.9128399144819453,21523,5251,17838,1611,Multinomial Naive Bayes,0.9021,0.8993,0.9051
